id,Año,Mes,Fecha_inicial ,Fecha_final ,Nombre_Evento,Descripción,Temas,Ciudad,Lugar,Sitio_Web,Público,Expositores,Cargo
1,2015,4,04/20/2015 12:00:00 AM,04/22/2015 12:00:00 AM,Cartagena Data Festival,"El evento organizado por la ODI, Africa Gathering, CEPEI, Data-Pop Alliance, PARIS21, el PNUD y el UNFPA. El evento se centró en resolver las deficiencias críticas en la cobertura, acceso y análisis de datos, contribuyendo al esfuerzo mundial para impulsar el progreso en la agenda después de 2015.Objetivos de la conferencia    Impulsar los cambios que sean necesarios para avanzar en una revolución de datos reuniendo a las personas y organizaciones cuyas innovaciones, recursos, experiencias e influencia puedan hacerlos realidad.    Desarrollar soluciones concretas y herramientas prácticas para producir un progreso sostenible a largo plazo a través de una revolución de datos.    Construir las ideas, innovaciones y alianzas necesarias para monitorear los objetivos de desarrollo sostenible.",Taller Datos Abiertos - Data Capsula,Cartagena,Casa 1537,http://www.cartagenadatafest2015.org/,"Participantes de todo el mundo incluyendo representantes del gobierno, organizaciones de la sociedad civil, innovadores técnicos, académicos y activistas de datos",Luisa Fernanda Medina,Asesora del Viceministerio de Economía Digital -  Líder Iniciativa de Datos Abiertos
2,2015,8,08/04/2015 12:00:00 AM,08/13/2015 12:00:00 AM,Jornada de datos abiertos para la seguridad ciudadana3.0,"El evento busca generar un espacio para socializar la estrategia de datos abiertos y su implementación, en la Seguridad Ciudadana, intercambiando experiencias y criterios entre los productores y los usuarios de la información",Iniciativa Datos Abiertos de Colombia,Bogotá,Cámara de Comercio de Chapinero Sala empresarial (301/302) Sesion 1-  MINTIC Sesion 2,http://www.bogota.gov.co/article/jornada-de-datos-abiertos-para-la-seguridad-ciudadana,Entidades públicas,Diego Barbosa,Coordinador de Gobierno Abierto
3,2015,9,09/07/2015 12:00:00 AM,09/10/2015 12:00:00 AM,Colombia 3.0,"Comprender la importancia del uso de los datos abiertos de Gobierno e identificar soluciones reales en torno a un reto relacionado con la Cobertura y la Calidad Educativa, identificando problemáticas propias de la Educación a partir de los datos abiertos y plantear posibles escenarios de solución de las mismas, teniendo como punto de partida el análisis y visualización de los datos",Iniciativa Datos Abiertos de Colombia,Bogotá,Zona T,http://col30.co/638/w3-channel.html,"Empresas privadas, startups y freelancers
Activistas y ONGs
Periodistas de datos
Representantes de la sociedad civil",Luisa Fernanda Medina,Asesora del Viceministerio de Economía Digital -  Líder Iniciativa de Datos Abiertos
4,2015,9,09/17/2015 12:00:00 AM,09/17/2015 12:00:00 AM,Foro Regional de Líderes de Gobierno,"el tema principal del V Foro Regional de Líderes de Gobierno fue la Tecnología como factor de desarrollo y revolución regional, líderes del sector privado y gubernamental del sector TI se reunieron para presentar los retos, experiencias y proyectos implementados por los países de la región, con el fin de promover la integración y la transformación de buenas prácticas y casos de éxito de implementación de Tecnologías de Información que benefician a los ciudadanos.",Presentación Datos Abiertos Colombia – Johanna Pimiento Apertura del Evento – Maria Isabel Mejia,Bogotá,"Hotel Marriott El Dorado, Av. El Dorado No. 69B - 53",,Lideres de Gobierno,María Isabel Mejía Jaramillo/Johanna Pimiento,Viceministra de Tecnologías y Sistemas de Información/Directora de Gobierno en línea
5,2015,1,01/10/2015 12:00:00 AM,01/10/2015 12:00:00 AM,Presentación de Resultados Diagnostico del Grado de Preparación de Colombia en Datos Abiertos ODRA -  Banco Mundial,"Para socializar los resultados del Reporte se llevarán a cabo una serie de talleres donde se compartirá el reporte acerca de la situación actual del país en política de datos abiertos exponiendo los resultados del ODRA realizado en República Dominicana con el fin de evidenciar las recomendaciones adecuadas al país.

El equipo del Banco presentará al equipo de GEL de MinTIC los resultados principales del informe así como las recomendaciones para la mejor implementación de la política de datos abiertos en Colombia establecidas en la Hoja de Ruta. En esta primera presentación se mantendrá una discusión sobre recomendaciones o cambios que deban incorporarse al documento y  se hará una presentación del informe sin incluir la hoja de ruta con los cambios acordados anteriormente en donde se invitará a los participantes en las entrevistas así como miembros del sector público, privado y de la sociedad civil influyentes en la política nacional, miembros reconocidos o con alto interés en Datos Abiertos. Al evento también acudirán miembros reconocidos a nivel internacional con alto conocimiento y experiencia en la implementación de Políticas de Datos Abiertos",Resultados ODRA Colombia,Bogotá,Auditorio Murillo Toro,,"El taller está dirigido a funcionarios públicos, tomadores de decisiones, representantes de la sociedad civil, medios de comunicación, y sector privado que están interesados en aprovechar las oportunidades que ofrecen los datos abiertos para negocios y políticas públicas.","Carlos de la Fuente,
Alberto Ortiz de Zárate y Nagore de los Ríos consultores del Banco
Mundial especialistas en gobierno abierto y datos abiertos",Consultores Banco Mundial
6,2015,1,01/10/2015 12:00:00 AM,01/10/2015 12:00:00 AM,Taller de Innovación y Estrategia Datos Abiertos,"Taller de innovación abierta en el que participaran miembros del sector público, sector privado y sociedad civil con los siguientes objetivos:

a) aumentar el conocimiento del significado de datos públicos abiertos y sus beneficios para la nación,

b) crear vínculos y relaciones entre la administración proveedora de estos datos y el ecosistema de reutilizadores de los mismos,

c) inspirar para favorecer la reutilización de los datos no solo por los reutilizadores del primer nivel sino por los destinatarios finales de los datos, es decir los ciudadanos o clientes que consumirán las reutilizaciones o productos finales basadas en los datos.

Este taller puede fortalecer las relaciones y sinergias entre los trabajadores de la administración pública los destinatarios de los datos abiertos para conocer de primera mano las necesidades de ambos, así mismo contribuir a detectar nuevas demandas de datos con el fin de mejorar su apertura en el futuro y aumentar su reutilización, bien evidenciando necesidades de acceso a datasets concretos o estableciendo mecanismos para una detección continua con el fin de hacer crecer la reutilización de los datos, por lo tanto favoreciendo a una mejora de los procesos de apertura, acceso y comunicación de los conjuntos de datos.",Taller de Innovación y Estrategia Datos Abiertos,Bogotá,Auditorio Murillo Toro,http://estrategia.gobiernoenlinea.gov.co/623/w3-article-11139.html,"El taller está dirigido a funcionarios públicos, tomadores de decisiones, representantes de la sociedad civil, medios de comunicación, y sector privado que están interesados en aprovechar las oportunidades que ofrecen los datos abiertos para negocios y políticas públicas.","Carlos de la Fuente,
Alberto Ortiz de Zárate y Nagore de los Ríos consultores del Banco
Mundial especialistas en gobierno abierto y datos abiertos",Consultores Banco Mundial
7,2015,11,11/24/2015 12:00:00 AM,11/24/2015 12:00:00 AM,Taller de construcción de la estrategia de comunicación de Datos Abiertos en el sector educación,Taller de construcción de la estrategia de comunicación de Datos Abiertos en el sector educación con el apoyo del Banco Mundial,Estrategia de comunicación sector educación,Bogotá,Mintic,,Sector Educación,Nagore de los rios,Consultor Banco Mundial
8,2015,3,03/12/2015 12:00:00 AM,04/12/2015 12:00:00 AM,Taller de CoCreación Ecosistema Digital - Banco Mundial,"Con el fin de identificar los elementos clave dinamizadores de la innovación pública digital a través del uso estratégico de las TIC, hemos venido adelantando en convenio con el Banco Mundial un diagnóstico del ecosistema de innovación abierta en Colombia, un mapeo del ecosistema de emprendimiento en TIC y un análisis internacional de buenas prácticas en el establecimiento de un esquema que promueva su consolidación.

El taller convocará expertos reconocidos para compartir sus experiencias y fomentar la generación de conocimiento sobre estrategias colaborativas para innovaciones sociales permitidas por las TIC.

El taller será motivado por su participantes, guiado por facilitadores y ponentes de primer categoría, e informado por las experiencias de instituciones destacadas en las fronteras de ecosistemas de innovación creativas, colaborativas y eficaces.",Taller de CoCreación Ecosistema Digital - Banco Mundial,Bogotá,Ministerio TIC - Carrera 8 entre calles 12 y 12A,http://estrategia.gobiernoenlinea.gov.co/623/w3-article-14192.html,"El taller está dirigido a funcionarios públicos,ciudadanos, industria TI,Academia","Carlos de la Fuente,
Alberto Ortiz de Zárate y Nagore de los Ríos consultores del Banco
Mundial especialistas en gobierno abierto y datos abiertos",Consultores Banco Mundial
9,2015,12,12/14/2015 12:00:00 AM,12/14/2015 12:00:00 AM,"IV Foro Distrital ""Buenas Prácticas en Gestión de la Información Geográfica"" de la Infraestructura de Datos Espaciales de Bogotá – IDECA",Evento Inaugural IV Foro Distrital - Buenas Prácticas en Gestión de la Información GeográﬁcaConvocando el diálogo interinstitucional en pro de la buena gobernanza en la ciudad,"Panel: Gobierno Electrónico y TIC. Su rol e impacto en el uso de la información geográfica: 
¿En dónde estamos y hacia dónde vamos?",Bogotá,"Hotel Radisson de Bogotá, Avenida Cra. 60 No. 22 – 99",,Funcionarios públicos,Luisa Fernanda Medina,Asesora del Viceministerio de Economía Digital -  Líder Iniciativa de Datos Abiertos
10,2015,4,04/24/2016 12:00:00 AM,04/24/2016 12:00:00 AM,Nassa SPACE APP,"Desde su concepción en el 2012, el International Space Apps Challenge se ha convertido en la hackatón global más grande del mundo.  Este evento reúne durante 48 horas miles de ciudadanos alrededor del planeta para trabajar con la NASA en el diseño innovador de soluciones a desafíos globales usando datos de código abierto  (open data).",Iniciativa Datos Abiertos Colombia,Bogotá,Universidad Javeriana,http://www.javeriana.edu.co/spaceappsbogota/,Estudiantes,Luisa Fernanda Medina/Carlos Julio Leon,Lider Iniciativa Datos Abiertos Colombia / Lider Técnico Plataforma Datos abiertos
11,2016,5,05/16/2016 12:00:00 AM,05/19/2016 12:00:00 AM,Tour de Estudios de Panamá,"El Tour de estudio de Datos Abiertos de Gobierno (DAG) está siendo organizado bajo el proyecto de “Fortalecimiento de las capacidades de los países en desarrollo para proporcionar acceso a la información para el desarrollo sostenible a través de los Datos Abiertos de Gobierno”, implementado por la División de Administración Pública y Gestión del Desarrollo (DPADM) del Departamento de Asuntos Económicos y Sociales de las Naciones Unidas (UN DESA) en alianza con la Autoridad Nacional de Transparencia y Acceso a la Información (ANTAI) y colaboración de la Autoridad Nacional para la Innovación Gubernamental (AIG) del Gobierno de Panamá y CEPAL. El objetivo de este tour de estudio es fortalecer la capacidad de los participantes para desarrollar una estrategia de datos abiertos de gobierno, establecer una comunidad de datos abiertos, y mejorar el conocimiento y habilidades por medio de lecciones aprendidas de compañeros de otros países dentro de la región que tienen un plan de acción de DAG en operación.",Iniciativa Datos Abiertos Colombia,Bogotá,Mintic,http://estrategia.gobiernoenlinea.gov.co/623/w3-article-15316.html,"Funcionarios de la División de Administración Pública y Gestión del Desarrollo (DPADM) del Departamento de Asuntos Económicos y Sociales de las Naciones Unidas (UN DESA),Autoridad Nacional de Transparencia y Acceso a la Información (ANTAI) y  de la Autoridad Nacional para la Innovación Gubernamental (AIG) del Gobierno de Panamá y CEPAL.",Luisa Fernanda Medina/Carlos Julio Leon,Lider Iniciativa Datos Abiertos Colombia / Lider Técnico Plataforma Datos abiertos
12,2016,6,06/09/2016 12:00:00 AM,06/09/2016 12:00:00 AM,FORO CIUDADES I 360°,"Presentación de oportunidades y avances para la consolidación de ciudades colombianas digitales abiertas, donde a través de la co-creación entre gobiernos, ciudadanos, sectores productivos y comunidad internacional, se logre desarrollar soluciones integrales que haciendo uso de la tecnología resuelvan problemas públicos.

A partir de un recuento de experiencias de ciudadanos y ciudades colombianas, evidenciar las potencialidades del uso de las tecnologías de la información y las comunicaciones para la consolidación de gobierno abiertos que promuevan la transparencia, participación y colaboración. 

Finalizando con la identificación de los principales retos que ciudadanos y gobiernos enfrentan de cara a la consolidación de ciudades innovadoras colombianas.",Gobierno Abierto y la Innovación en las Ciudades,Bogotá,"Centro Empresarial El Cubo, Colsubsidio – Bogotá, Colombia",http://ccit.org.co/foro-ciudades-i360/,sector público y privado,Johanna Pimiento,Directora de Gobierno en línea
13,2016,8,08/28/2016 12:00:00 AM,09/02/2016 12:00:00 AM,Andicom 2016,"ANDICOM es el principal y más grande evento TIC en Colombia que tiene como objetivo conectar a la oferta y la demanda. El Congreso es el punto de encuentro de la industria TIC en Colombia, en donde se generan oportunidades de negocios a través de networking cara a cara, actividades comerciales y académicas.",Iniciativa Datos Abiertos Colombia /Emprende con datos,Cartagena,Centro de convenciones Cartagena de Indias,https://andicom.co/,"Industria TIC, Funcionarios, Periodistas","David Luna/
Daniel Quintero Calle/Oscar Ramirez","Ministro de Tecnologías de la Información y las Telecomunicaciones/
Viceministro de Tecnologías de la
Información y las Comunicaciones/Coordinador Gobierno Abierto"
14,2016,9,09/20/2016 12:00:00 AM,09/20/2016 12:00:00 AM,Festival de Innovación y Tecnología Social (FITS),"El Festival de Innovación y Tecnología Social (FITS) es un encuentro abierto y gratuito de una jornada completa, donde se realizarán capacitaciones en tecnología y metodologías innovadoras para fortalecer a las Organizaciones No Gubernamentales.",Emprende con Datos,Bogotá,Sede Uniandinos,http://fits.ong/colombia/agenda,"Sociedad Civil, Ciudadanos, Desarrolladores",Oscar Ramirez,Coordinador de Gobierno Abierto
15,2016,9,09/29/2016 12:00:00 AM,09/30/2016 12:00:00 AM,Tercer Congreso Nacional de Información en el Sector Agropecuaria - eje temático “Big Data y acceso a la información”,El evento tiene por objetivo intercambiar experiencias sobre tecnologías que faciliten el acceso a la información enmarcadas bajo tres ejes temáticos: 1. Big data y acceso a la información. 2. Difusión del conocimiento científico y 3. Apropiación social de la ciencia.,Datos de valor  para un  Agro competitivo,Bogotá,Universidad Jorge Tadeo Lozano,http://www.agronet.gov.co/sites/RIDAC/Paginas/Congreso-2016.aspx,Funcionarios públicos y Estudiantes,Johanna Pimiento,Directora de Gobierno en línea
16,2016,6,06/10/2016 12:00:00 AM,07/10/2016 12:00:00 AM,International Open Data Conference 2016,"IODC es el punto de encuentro esencial para que la comunidad mundial pueda debatir y estudiar el futuro de los datos abiertos.

IODC tiene como objetivo establecer relaciones más sólidas entre las iniciativas de información abierta de los diferentes gobiernos y establecer un diálogo entre estas voces:

Los encargados de formular políticas y los titulares de la información del sector público (PSI)
Empresas privadas, startups y freelancers
Activistas y ONGs
Periodismo de datos
Representantes de la sociedad civil de todo el mundo","Panel 1 SCALING UP AND DEEPENING OPEN DATA'S TRANSFORMATIVE IMPACT IN OPEN GOVERNMENT 

Panel 2 REGIONAL TALK – LATINOAMÉRICA Y EL CARIBE 

Panel 3 OPEN DATA IN HEALTH
IS IT POSSIBLE TO USE THE OPEN DATA? BENEFITS",Madrid,España,https://internationalopendataconfer2016.sched.com/event/7dG6/main-session-scaling-up-and-deepening-open-datas-transformative-imhellip?iframe=no,"Empresas privadas, startups y freelancers
Activistas y ONGs
Periodismo de datos
Representantes de la sociedad civil de todo el mundo",Johanna Pimiento,Directora de Gobierno en línea
17,2016,10,10/27/2016 12:00:00 AM,10/27/2016 12:00:00 AM,Digitalización y sostenibilidad una apuesta al futuro,"Cepei y Telefónica organizaron un panel con invitados de múltiples sectores para incentivar el diálogo sobre la economía digital, la importancia de los datos y su relación con el desarrollo sostenible.

El panel, que abordó la importancia de los datos, el rol de la economía digital, y cómo ambos confluyen para la medición del progreso del Desarrollo Sostenible y la toma de decisiones basadas en evidencia, contó con la participación de Chema Alonso, Chief Data Officer de Telefónica, Claudia Restrepo, Senior Manager de Sostenibilidad de Deloitte Colombia, Johanna Pimiento, Directora de Gobierno en Línea, y Philipp Schönrock, Director de CEPEI.",Panel la importancia de los datos y su relación con el desarrollo sostenible.,Bogotá,Hotel Marriot,http://cepei.org/digitalizacion-y-sostenibilidad-una-apuesta-al-futuro/,"Industria TIC, Funcionarios, Periodistas",Johanna Pimiento,Directora de Gobierno en línea
18,2016,2,02/11/2016 12:00:00 AM,04/11/2016 12:00:00 AM,Abrelatam/ConDatos 2016,"Abrelatam/ConDatos es un evento anual que reúne representantes de Gobierno, Sociedad Civil, expertos y personas interesadas en temas de Gobierno Abierto de los países de América Latina y el Caribe, para discutir sobre aspectos clave en materia de política de datos abiertos, innovación y retos públicos.","Datos Abiertos Colombia
Los Desafios de los Datos Abiertos",Bogotá,Mintic,,"Empresas privadas, startups y freelancers
Activistas y ONGs
Periodistas de datos
Representantes de la sociedad civil de todo el mundo","David Luna/
Daniel Quintero Calle/Oscar Ramirez","Ministro de Tecnologías de la Información y las Telecomunicaciones/
Viceministro de Tecnologías de la
Información y las Comunicaciones/Coordinador Gobierno Abierto"
19,2016,11,11/16/2016 12:00:00 AM,11/17/2016 12:00:00 AM,CIO Summit 2016 4to Encuentro Nacional,"El CIO SUMMIT es un espacio para que los líderes de TI del sector público, del orden nacional y territorial, puedan conocer de primera mano los grandes avances en temas relevantes para su desempeño como Arquitectura Empresarial, Gobierno en línea, Compras Públicas de TI, Seguridad Cibernética y la implementación de la función del CIO en el sector público.",Iniciativa Datos Abiertos Colombia,Medellin,Jardin Botánico,http://ccit.org.co/descargue-las-conferencias-del-cio-summit-2016/,los líderes de TI del sector público nacional y territorial,Oscar Ramirez,Coordinador Gobierno Abierto
20,2016,11,11/17/2016 12:00:00 AM,11/17/2016 12:00:00 AM,El e-xperience 2016,"El e-xperience 2016 es el evento internacional más importante en innovación pública digital de Latinoamerica, organizado por el Centro de Innovación del Ministerio de Tecnologías de la Información y las Comunicaciones de la República de Colombia, que reconoce y conecta a los protagonistas e iniciativas que inspiran y marca tendencia en la innovación pública digital.",Panel: ¿cómo los datos construyen Estados?,Medellin,Jardin Botánico,http://experience.mintic.gov.co/633/w3-propertyvalue-14699.html,"expertos, servidores públicos, académicos, representantes de la industria de TI, representantes de organizaciones internacionales, emprendedores y a la sociedad civil",Oscar Ramirez,Coordinador Gobierno Abierto
21,2016,11,11/29/2016 12:00:00 AM,11/29/2016 12:00:00 AM,Encuentro de Equipos de Comunicación Digital de Gobierno 2016,Un espacio para que todas las entidades puedan compartir y aprender de nuevos formatos y herramientas para promover la interacción con los ciudadanos a través de redes sociales y medios digitales.,Taller Datos Abiertos,Bogotá,Universidad Catolica,http://www.redialab.gov.co/asi-fue-encuentro-equipos-comunicacion-digital-2016/,Periodistas y Comunicadores Digitales de Gobierno,Luisa Fernanda Medina/Carlos Leon,Lider Iniciativa Datos Abiertos Colombia / Lider Técnico Plataforma Datos abiertos
22,2017,2,02/21/2017 12:00:00 AM,02/21/2017 12:00:00 AM,Taller Congreso Abierto,"A partir de un ejercicio de colaboración, se avanzará en la identificación de las necesidades de información estructurada que ciudadanos, grupos de interés y entidades públicas tienen acerca de la información que se produce en el Congreso de la República. Así como, en aquellas oportunidades de aprovechamiento de esta información a partir de su divulgación y socializac",Taller Datos Abiertos,Bogotá,Capitolio,https://herramientas.datos.gov.co/es/content/aprender-sobre-datos-0,"Sociedad civil,Academia,Periodistas
Desarrolladores,Servidores públicos",Oscar Ramirez,"Coordinador Gobierno Abierto, Equipo Dinamización Gobierno en linea"
23,2017,3,03/23/2017 12:00:00 AM,03/23/2017 12:00:00 AM,Concurso SINERGIA DNP – 3ie,"3ie es una ONG que busca mejorar la efectividad de políticas y programas en
países en desarrollo a través de un mejor uso de la evidencia
A través del financiamiento de evaluaciones de impacto y revisiones
sistemáticas se busca:
• La construcción de una cultura de toma de decisiones basadas en evidencia.
• El desarrollo de capacidades para producir y usar evaluaciones de impacto.
• La generación de evidencia útil.
• La síntesis y difusión de la evidencia",Presentación Datos Abiertos,Bogotá,DNP,,"Académicos, estudiantes y la ciudadanía en general",Luisa Fernanda Medina/Carlos Leon,Asesora del Viceministerio de Economía Digital -  Líder Iniciativa de Datos Abiertos
33,2017,8,08/28/2017 12:00:00 AM,09/10/2017 12:00:00 AM,Datos a la U,"El concurso Datos a la U tiene como objetivo sensibilizar a la academia sobre el uso de los datos abiertos, diseñando un programa de alfabetización y formación alrededor de este tema para incentivar el desarrollo de productos generados por estudiantes y docentes, promoviendo el reconocimiento en las entidades participantes e identificando buenas prácticas en el uso y aprovechamiento de datos abiertos",Datos Abiertos,Bogotá,Corferias,https://herramientas.datos.gov.co/es/blog/mintic-lanza-datos-la-u,Academia,Elizabeth Blandón,Directora Gobierno Digital
24,2017,4,04/04/2017 12:00:00 AM,04/05/2017 12:00:00 AM,Andesco - II Seminario de Protección de Datos Personales y Entorno Digital Corporativo,"El seminario-taller se ha diseñado con el fin de capacitar a las empresas del sector público y privado para la inscripción en el Registro Nacional de Bases de Datos, darles a conocer aspectos relacionados como Computación Cognitiva, Protección de Datos Personales vs Interoperabilidad e intercambio de información, entre otros, y orientar y proporcionar herramientas para el cumplimiento de las obligaciones y exigencias contenidas en la Ley Estatutaria 1581 de 2012 y sus decretos reglamentarios.",Presentación Datos abiertos y Emprende con Datos,Bogotá,Hotel Capital Calle 25 B No 69 A 50. Bogotá,http://www.andesco.org.co/component/acymailing/listid-9/mailid-984-ii-seminario-de-proteccion-de-datos-personales-y-entorno-digital-corporativo.html?tmpl=component,"Profesionales y empresarios interesados en conocer más sobre el marco regulatorio de protección de datos personales, sus implicaciones en la economía digital y nuevas tendencias de tratamiento de información para la generación de negocios.",Elizabeth Blandón,Directora Gobierno Digital
25,2017,4,04/22/2017 12:00:00 AM,04/22/2017 12:00:00 AM,Festival de software libre de Bogota,"El FLISoL es el evento de difusión de Software Libre más grande en Latinoamérica y está dirigido a todo tipo de público: estudiantes, académicos, empresarios, trabajadores, funcionarios públicos y entusiastas. Su principal objetivo es promover el uso del software libre, dando a conocer al público en general su filosofía, alcances, avances y desarrollo. 

El evento es organizado por las diversas comunidades locales de Software Libre y se desarrolla simultáneamente con eventos en los que se instala, de manera gratuita y totalmente legal, software libre en las computadoras que llevan los asistentes. Además, en forma paralela, se ofrecen charlas, ponencias y talleres, sobre temáticas locales, nacionales y latinoamericanas en torno al Software Libre, en toda su gama de expresiones: artística, académica, empresarial y social",Presentación Datos Abiertos,Bogotá,Instituto de Recreación y Deporte,https://flisol.info/,"todo tipo de público: estudiantes, académicos, empresarios, trabajadores, funcionarios públicos, entusiasta",Luisa Fernanda Medina/Carlos Leon,Asesora del Viceministerio de Economía Digital -  Líder Iniciativa de Datos Abiertos
26,2017,4,04/25/2017 12:00:00 AM,04/25/2017 12:00:00 AM,Lanzamiento Visualizaton Legistaliva,"“Visualizaton”, o ejercicio de visualización de datos, en el que distintos actores tendrán el reto de presentar de forma gráfica y con el mayor alcance e impacto posible los datos que el Senado tiene dispuestos en formato abierto.",Presentación Datos Abiertos y Condiciones del Concurso,Bogotá,Salón  Luis  Carlos  Galán  del  Capitolio  Nacional,http://estrategia.gobiernoenlinea.gov.co/623/w3-article-51405.html,"Desarrolladores, Periodistas, Entidades, Academia",Luisa Fernanda Medina/Carlos Leon,Asesora del Viceministerio de Economía Digital -  Líder Iniciativa de Datos Abiertos
27,2017,4,04/27/2017 12:00:00 AM,04/28/2017 12:00:00 AM,DataJAM,"El #DataJam2017 - Desarrollo Rural, que se realizará durante los días 27 y 28 de abril, es una actividad de innovación abierta que busca que los participantes encuentren respuestas creativas e innovadoras, con el uso de bases de datos, para la solución a los retos planteados con relación al desarrollo rural en Colombia.",Taller Uso de datos Abiertos,Bogotá,Hotel AR,http://www.datajamdesarrollorural.co/,"Desarrolladores, Periodistas, Funcionarios del Sector Agropecuario, Academia",Elizabeth Blandón,Directora Gobierno Digital
28,2017,5,05/10/2017 12:00:00 AM,05/12/2017 12:00:00 AM,Innovación Tecnológica  aplicando conceptos de Gobierno en Línea para mejorar  la gestión pública en el Gobierno de Guatemala,"Conocer los estándares, lineamientos, guías, marco regulatorio e instrumentos de la Estrategia Gobierno en línea, y el concepto de acceso a la información, monitoreo y evaluación de la Estrategia. Así mismo, en qué consiste la plataforma de trámites y servicios del Estado Colombiano Sí Virtual y la iniciativa de Datos Abiertos del Gobierno.",Presentación Iniciativa Datos Abiertos Colombia,Bogotá,Mintic,http://estrategia.gobiernoenlinea.gov.co/623/w3-article-51587.html,"Delegados del Ministerio de Finanzas Públicas y La Secretaria Nacional de Ciencia y Tecnología –Senacyt–, de Guatemala",Luisa Fernanda Medina/Carlos Leon,Asesora del Viceministerio de Economía Digital -  Líder Iniciativa de Datos Abiertos
29,2017,5,05/18/2018 12:00:00 AM,05/19/2018 12:00:00 AM,Tercera reunión del grupo de expertos sobre Datos de Gobierno Abierto,Proyecto de Datos de Gobierno Abierto de la OCDE,Datos Abiertos,Paris,OEA,https://www.mintic.gov.co/portal/604/w3-article-74434.html,"Gobiernos Latinoamerica, sociedad civil",Elizabeth Blandón,Directora Gobierno Digital
30,2017,6,06/15/2017 12:00:00 AM,09/15/2017 12:00:00 AM,Máxima Velocidad,un concurso en el que las entidades de todo el país participan para avanzar en la implementación de la Estrategia Gobierno en Línea (GEL) y demostrar las capacidades de los equipos de trabajo que la hacen posible.,Datos Abiertos  y Gobierno Digital,Bogotá,Corferias,http://maximavelocidad.gov.co/647/w3-channel.html,Entidades públicas,Elizabeth Blandón,Directora Gobierno Digital
31,2017,8,08/17/2017 12:00:00 AM,08/17/2017 12:00:00 AM,Ponencia Semana Geomática Internacional 2017 Datos Abiertos - TIC y AGRO,TIC y AGRO. La necesidad de consolidar un ecosistema digital agropecuario y el rol de los datos abiertos como herramienta para apalancar la ruralidad colombiana.,TIC y AGRO,Bogotá,Hotel Wyndham Bogota,http://semanageomatica.igac.gov.co/,"Se contó con la intervención de expertos internacionales, provenientes de países como Alemania, Brasil, España, México, Suiza,  y otros. Así mismo, participarán expertos nacionales pertenecientes a entidades públicas, privadas y académicas, quienes a través de talleres, conferencias y paneles, compartirán sus experiencias en la aplicación de los Sistemas de Información Geográfica, la Percepción Remota, los Sistemas de Posicionamiento Global, las Infraestructuras de Datos Especiales y otros.",Luisa Fernanda Medina/Fabian Acevedo,Lider Iniciativa Datos Abiertos/Líder TIC y Agro
32,2017,8,08/17/2017 12:00:00 AM,08/17/2017 12:00:00 AM,Presentación Semana Geomática Internacional 2017 Datos Abiertos,la descripción Sociedad espacialmente habilitada a partir de los datos abiertos.,Datos Abiertos,Bogotá,Hotel Wyndham Bogota,http://semanageomatica.igac.gov.co/,"Se contó con la intervención de expertos internacionales, provenientes de países como Alemania, Brasil, España, México, Suiza,  y otros. Así mismo, participarán expertos nacionales pertenecientes a entidades públicas, privadas y académicas, quienes a través de talleres, conferencias y paneles, compartirán sus experiencias en la aplicación de los Sistemas de Información Geográfica, la Percepción Remota, los Sistemas de Posicionamiento Global, las Infraestructuras de Datos Especiales y otros.",Oscar Ramirez,Coordinador Gobierno Abierto
34,2017,11,11/24/2017 12:00:00 AM,11/25/2017 12:00:00 AM,IA Experience,Co-creación y retos de innovación abierta para atender problemáticas públicas utilizando Inteligencia Artificial,"Analítica de Datos, Inteligencia Artificial Aplicada",Medellin,"Universidad EIA sede Zúñiga Calle 25 sur # 42-73 Envigado, Antioquia.",http://www.iaexperience.com.co/,"Ciudadanos, Empresas, Academia, Centros de Investigación",Carlos Julio Leon,Consultor Gobierno Digital y Datos Abiertos
35,2017,11,11/29/2017 12:00:00 AM,11/29/2017 12:00:00 AM,Innova 6K- Barranquilla,"Innova6K, la Copa Nacional de Innovación, recorrerá cuatro ciudades del país buscando los mejores equipos que aporten soluciones creativas y den respuesta a los retos de la contratación con el Estado.   Barranquilla, Medellín, Bogotá y Cali serán las ciudades escogidas para iniciar esta Copa de Innovación con jornadas eliminatorias donde participarán un promedio de 30 equipos, y solo 8 de cada ciudad pasarán a competir a La Gran Final en la ciudad de Bogotá, donde competirán por subir al podio de la innovación y ganar fantásticos premios.",Datos Abiertos,Barranquilla,Hotel Movich,http://www.innova6k.com/#scroll3,"Desarrolladores, Periodistas, Entidades, Academia",Elizabeth Blandón,Directora Gobierno Digital
36,2017,1,01/12/2017 12:00:00 AM,01/12/2017 12:00:00 AM,Innova 6K- Medellin,"Innova6K, la Copa Nacional de Innovación, recorrerá cuatro ciudades del país buscando los mejores equipos que aporten soluciones creativas y den respuesta a los retos de la contratación con el Estado.   Barranquilla, Medellín, Bogotá y Cali serán las ciudades escogidas para iniciar esta Copa de Innovación con jornadas eliminatorias donde participarán un promedio de 30 equipos, y solo 8 de cada ciudad pasarán a competir a La Gran Final en la ciudad de Bogotá, donde competirán por subir al podio de la innovación y ganar fantásticos premios.",Datos Abiertos,Medellin,Hotel Poblado Plaza,http://www.innova6k.com/#scroll3,"Desarrolladores, Periodistas, Entidades, Academia",Elizabeth Blandón,Directora Gobierno Digital
37,2017,6,06/12/2017 12:00:00 AM,06/12/2017 12:00:00 AM,Innova 6K- Cali,"Innova6K, la Copa Nacional de Innovación, recorrerá cuatro ciudades del país buscando los mejores equipos que aporten soluciones creativas y den respuesta a los retos de la contratación con el Estado.   Barranquilla, Medellín, Bogotá y Cali serán las ciudades escogidas para iniciar esta Copa de Innovación con jornadas eliminatorias donde participarán un promedio de 30 equipos, y solo 8 de cada ciudad pasarán a competir a La Gran Final en la ciudad de Bogotá, donde competirán por subir al podio de la innovación y ganar fantásticos premios.",Datos Abiertos,Cali,Hotel Intercontinental,http://www.innova6k.com/#scroll3,"Desarrolladores, Periodistas, Entidades, Academia",Diego Rocha,Asesor Dirección de Gobierno Digital
38,2017,6,06/12/2017 12:00:00 AM,06/12/2017 12:00:00 AM,"Taller “UN VALLE DEMOCRATICO, DIGITAL E INNOVACDOR + TIC” dinamizando Datos Abiertos para propiciar iniciativas de Intraemprendimiento y emprendimiento",Ejercicio colaborativo con metodología de Innovación para un Gobierno abierto y transparente hacia los equipos de las secretarias y entidades adscritas del Valle,Taller Apertura y Uso de Datos Abiertos,Bogotá,Gobernación del Valle,,Secretarios de la Gobernación del Valle,Luisa Fernanda Medina,Asesora del Viceministerio de Economía Digital -  Líder Iniciativa de Datos Abiertos
39,2017,12,12/12/2017 12:00:00 AM,12/13/2017 12:00:00 AM,Innova 6K- Bogotá,"Innova6K, la Copa Nacional de Innovación, recorrerá cuatro ciudades del país buscando los mejores equipos que aporten soluciones creativas y den respuesta a los retos de la contratación con el Estado.   Barranquilla, Medellín, Bogotá y Cali serán las ciudades escogidas para iniciar esta Copa de Innovación con jornadas eliminatorias donde participarán un promedio de 30 equipos, y solo 8 de cada ciudad pasarán a competir a La Gran Final en la ciudad de Bogotá, donde competirán por subir al podio de la innovación y ganar fantásticos premios.",Datos Abiertos,Bogotá,Centro de Convenciones AR,http://www.innova6k.com/#scroll3,"Desarrolladores, Periodistas, Entidades, Academia",Elizabeth Blandón,Directora Gobierno Digital
40,2018,3,03/03/2018 12:00:00 AM,03/03/2018 12:00:00 AM,Hackaton AlimenData,"#AlimenData, que en esta oportunidad busca que los equipos inscritos propongan soluciones como visualizaciones, prototipos u otras herramientas del Presupuesto Nacional, especialmente al Programa de Alimentación Escolar (PAE) del Ministerio de Educación Nacional (MEN).",Datos Abiertos,Bogotá,Ministerio de Hacienda,https://herramientas.datos.gov.co/es/blog/hackathon-alimendata,Desarrolladores,Luisa Fernanda Medina,Asesora del Viceministerio de Economía Digital -  Líder Iniciativa de Datos Abiertos
41,2018,3,03/03/2018 12:00:00 AM,03/03/2018 12:00:00 AM,Día de los Datos Abiertos - Despacio,"En este día Despacio, la Cámara de Comercio de Bogotá y la Fundación Corona, con el apoyo de MinTIC, realizarán una actividad para dar a conocer proyectos y experiencias de expertos y organizaciones privadas, públicas y de la sociedad civil, en lo referente a la generación, recolección procesamiento y visualización de datos. El evento también pretende exponer los impactos tangibles de la apertura de datos y generar un espacio para la conversación de actores relevantes en el tema que resulte en alianzas futuras para el desarrollo de proyectos compartidos. A continuación, se presenta la agenda del evento y luego la descripción detallada de cada sesión.",Datos Abiertos,Bogotá,Cámara de Comercio de Bogotá,http://www.despacio.org/2018/02/21/dia-de-datos-abiertos-despacio/,"Entidades publicas, industria TI, periodistas",Enrique Cusba,Subdirector de Gobierno en Línea
42,2018,3,03/04/2018 12:00:00 AM,03/04/2018 12:00:00 AM,Datos y economía digital BIOS,Evento dio a conocer los productos y proyectos derivados del Convenio 820 de 2017 firmado entre BIOS y MinTIC,Datos Abiertos,Manizales,"Avenida Paseo Bolívar (Circunvalar) 16 - 20, Manizales - Caldas",http://www.mintic.gov.co/portal/604/w3-article-71524.html,"Sociedad civil, Academia",Elizabeth Blandón / Carlos León,Directora de Gobierno Digital / Líder Técnico de Datos
43,2018,3,03/08/2018 12:00:00 AM,03/08/2018 12:00:00 AM,Open House,Evento para presentar los desarrollos derivados del convenio de Colombia Compra y Cintel,Datos Abiertos,Bogotá,"Centro de Convenciones AR, Calle 113 # 7-80 - Salón Arboleda",http://www.ccit.org.co/eventos/colombia-compra-eficiente-open-house-cce/,"Entidades publicas, industria TI, periodistas","Elizabeth Blandón, Juan David Duque",Directora Gobierno Digital
44,2018,3,03/23/2018 12:00:00 AM,03/23/2018 12:00:00 AM,Bristol Data Dive,Hackaton datos de movilidad de la Alcaldía de Bogotá,Datos Abiertos,Bogotá,Virtual,http://www.data4sdgs.org/news/bristol-data-dive,"Sociedad civil, Desarrolladores",Mateo Tavera,Consultor Gobierno Digital y Datos Abiertos
45,2018,4,04/05/2018 12:00:00 AM,04/05/2018 12:00:00 AM,Panel: Tendencias analíticas para el 2018,Evento sobre Experiencia de Analítica Predictiva,Datos Abiertos,Bogotá,El Cubo,http://www.pae.la/,"Desarrolladores, Periodistas, Entidades, Academia",Elizabeth Blandón,Directora Gobierno Digital
46,2018,4,04/19/2018 12:00:00 AM,04/19/2018 12:00:00 AM,Taller Científica de Datos,En este espacio se identificó las necesidades de datos frente al tema de género,Datos abiertos,Bogotá,Mintic,,"Sociedad civil, Academia, Entidades Públicas,",Luisa Fernanda Medina,Asesora del Viceministerio de Economía Digital -  Líder Iniciativa de Datos Abiertos
47,2018,4,04/25/2018 12:00:00 AM,04/25/2018 12:00:00 AM,Mi Senado,"Presentación de la aplicación ´Mi Senado´ en el marco de ""II Plan de Acción por un Congreso Abierto y Transparente 2017-2018",Software público,Bogotá,Senado,,"Miembros de UTL, sociedad civil, partidos políticos, periodistas",Elizabeth Blandón,Directora Gobierno Digital
48,2018,4,04/28/2018 12:00:00 AM,04/28/2018 12:00:00 AM,Flisol,"Evento de la comunidad de software libre en la que presentamos los avances en software libre, sostenible y público",Software público,Bogotá,Fundación Tecnológica Autónoma de Bogotá FABA 80-35 Carrera 14,https://flisol.info/FLISOL2018/Colombia/Bogota?highlight=%28%5CbCategoryCity%5Cb%29,"Sociedad civil, Academia, Desarrolladores",Juanita Rodriguez / Enrique Cusba / Rafael Londoño,Viceministras de Economía Digital / Subdirector de Gobierno en Línea / Subdirector Estándares y Arquitectura
49,2018,5,05/10/2018 12:00:00 AM,05/10/2018 12:00:00 AM,Rueda de prensa app GANA Nariño,"Rueda de prensa en la que se mostró la aplicación de transparencia de la Gobernación de Nariño, GANA Nariño",Datos Abiertos,Bogotá,Mintic,,Periodistas,Elizabeth Blandón,Directora Gobierno Digital
50,2018,5,05/10/2018 12:00:00 AM,05/10/2018 12:00:00 AM,Panel: Colombia hacia un estado abierto: experiencias comparadas de las ramas del poder público,Evento sobre los avances y oportunidades en la gestión con el sector justicia,Datos Abiertos,Bogotá,"Consejo de Estado ubicado en la calle 12 No. 7-65, Palacio de Justicia",http://estrategia.gobiernoenlinea.gov.co/623/w3-article-73370.html,"Entidades públicas, Academia",Elizabeth Blandón,Directora Gobierno Digital
51,2018,5,05/11/2018 12:00:00 AM,05/11/2018 12:00:00 AM,Lanzamiento Datos a la U.,Lanzamiento del concurso Datos a la U.,Datos Abiertos,Bogotá,Mintic,http://estrategia.gobiernoenlinea.gov.co/623/w3-article-73917.html,Academia,Elizabeth Blandón / Enrique Cusba,Directora de Gobierno Digital / Subdirector Gobierno en Línea
52,2018,5,05/16/2018 12:00:00 AM,05/16/2018 12:00:00 AM,"Panel: Futuro del software público, libre y sostenible en Colombia","Evento sobre la perspectiva de software público, sostenible y libre en Colombia",Software público,Bogotá,Mintic,https://twitter.com/GobDigitalCO/status/996880023255764993,Entidades públicas,Elizabeth Blandón / Rafael Londoño,Directora de Gobierno Digital / Subdirector Estándares y Arquitectura
53,2018,5,05/18/2018 12:00:00 AM,05/18/2018 12:00:00 AM,Rueda de Negocios Emprende Con Datos,Evento de presentación de los emprendimientos del proyecto Emprende Con Datos,Datos Abiertos,Bogotá,Hotel Raddisson AR,http://emprendecondatos.gov.co/,"Emprendedores, Empresarios",Enrique Cusba,Subdirector de Gobierno en Línea
54,2018,5,05/22/2018 12:00:00 AM,05/22/2018 12:00:00 AM,Cierre del proyecto Emprende Con Datos,Evento de cierre del proyecto Emprende Con Datos,Datos Abiertos,Bogotá,Hotel Raddisson AR,http://emprendecondatos.gov.co/,"Emprendedores, Empresarios",Luisa Fernanda Medina,Asesora del Viceministerio de Economía Digital -  Líder Iniciativa de Datos Abiertos
55,2018,5,05/25/2018 12:00:00 AM,05/25/2018 12:00:00 AM,Taller de Datos - CINTEL,Se realizó la promoción del concurso Datos a la U. y los productos resultado del proyecto Emprende Con Datos,Datos Abiertos,Bogotá,Mintic,http://emprendecondatos.gov.co/,Entidades públicas,Carlos León / Mateo Tavera / Janyther Guerrero,Consultor Gobierno Digital y Datos Abiertos
56,2018,7,07/07/2018 12:00:00 AM,07/08/2018 12:00:00 AM,Cuarta reunión del grupo de expertos sobre Datos de Gobierno Abierto,Proyecto de Datos de Gobierno Abierto de la OCDE,Datos Abiertos,Paris,OEA,https://www.mintic.gov.co/portal/604/w3-article-74434.html,"Gobiernos Latinoamerica, sociedad civil",Elizabeth Blandón,Directora Gobierno Digital
57,2018,9,09/08/2018 12:00:00 AM,09/08/2018 12:00:00 AM,National Transport Hackathon Colombia 2018,"La THCO es un espacio abierto, participativo y colaborativo donde la ciudadanía está llamada a contribuir a la solución de los grandes desafíos relacionados con el transporte de pasajeros y carga en todos sus modos y medios, en línea con los ODS de las Naciones Unidas, como lo son la seguridad vial, la movilidad activa y la movilidad compartida -por mencionar algunos- mientras se emplea las tecnologías de la información y de las comunicaciones (TICs) de una manera ingeniosa a través de ITS (Intelligent Transportation Systems).",Datos Abiertos para el transporte,Bogotá,Universidad Nacional,Transport Hackathon Colombia 2018 (https://www.mintransporte.gov.co/asuntosambientales/Publicaciones/transport_hackathon_colombia_2018),"Desarrolladores, Academia, Entidades Públlicas",Luisa Fernanda Medina,Asesora del Viceministerio de Economía Digital -  Líder Iniciativa de Datos Abiertos
58,2018,9,09/21/2018 12:00:00 AM,09/21/2018 12:00:00 AM,National Transport Hackathon Colombia 2018,"Este espacio buscó la participación y colaboración de la ciudadanía para contribuir a las soluciones de los grandes desafíos relacionados con el transporte, como lo son la seguridad vial, la movilidad activa y la movilidad compartida usando las tecnologías de la información y las comunicaciones. Estos indicadores se alinean con los ODS de Naciones Unidas.","Datos Abiertos, Movilidad",Bogotá,Universidad de los Andes,Transport Hackathon Colombia 2018 (https://www.mintransporte.gov.co/asuntosambientales/Publicaciones/transport_hackathon_colombia_2018),"Estudiantes, Entidades Públicas, Desarrolladores",Luisa Fernanda Medina,Asesora del Viceministerio de Economía Digital -  Líder Iniciativa de Datos Abiertos
59,2018,9,09/24/2018 12:00:00 AM,09/25/2018 12:00:00 AM,GobCamp,GobCamp de Datos Abiertos,"PIDA, Open data charter",Buenos Aires,"Facultad de Derecho,Universidad de Buenos Aires (UBA),",http://portal.oas.org/LinkClick.aspx?fileticket=gupO994t7-E%3D&tabid=1814,"Gobiernos Latinoamerica, sociedad civil",Carlos Rozo,Director de Gobierno Digital
60,2018,9,09/26/2018 12:00:00 AM,09/27/2018 12:00:00 AM,Abrelatam - Condatos,Evento internacional de datos abiertos,Datos abiertos,Buenos Aires,Usina de Arte,https://condatos.org/,"Sociedad civil , integrantes de gobierno",Carlos Rozo,Director de Gobierno Digital
61,2018,9,09/27/2018 12:00:00 AM,09/28/2018 12:00:00 AM,IODC- International Open Data Conference,Evento internacional de la comunicad de datos abiertos,"Datos abiertos, políticas públicas, modelos de negocio",Buenos Aires,Usina de Arte,http://opendatacon.org/,"Sociedad civil , integrantes de gobierno",Carlos Rozo,Director de Gobierno Digital
62,2018,10,10/22/2018 12:00:00 AM,10/25/2018 12:00:00 AM,Mesas de diálogo para la  co– creación de la política nacional de datos abiertos de Honduras,"En el marco de la Iniciativa de Gobierno Abierto de Honduras, la cual se impulsa desde la Secretaría de Coordinación General de Gobierno, la actividad tiene por objetivo promover un diálogo inclusivo para obtener insumos base en el establecimiento de la ruta de acción para la formulación e implementación de la Política Nacional de Datos Abiertos en el país. Para estos efectos se han dispuesto tres mesas de diálogo:    Mesa 1: ELEMENTOS ESTRATEGICOS PARA LA APERTURA DE DATOS PÚBLICOS: INSTITUCIONES Y ARMONIZACIÓN DE MARCO NORMATIVO.  Mesa 2: CAPACITACIÓN, DIFUSIÓN Y PROMOCIÓN.   Mesa 3: ASPECTOS TECNOLÓGICOS Y PROYECTOS DE USO Y RE-UTILIZACIÓN","Política de Datos, Capacitación y Difusión, Portal de Datos, Emprende con Datos",Tegucigalpa-Honduras,Hotel Marriot,https://www.presidencia.gob.hn/index.php/sala-de-prensa/4894-gobierno-inicia-proceso-de-formulacion-de-politica-nacional-de-datos-abiertos,Funcionarios del Gobierno de Honduras,Luisa Fernanda Medina,Asesora del Viceministerio de Economía Digital -  Líder Iniciativa de Datos Abiertos
63,2018,10,10/24/2018 12:00:00 AM,10/26/2018 12:00:00 AM,Colombia 4.0 - Hackaton Anticorrupción,"Este proceso busca financiar hasta tres (3) soluciones innovadoras y tecnológicas y a su vez, fortalecer a los emprendedores y empresarios de base digital en el país. Las empresas que resulten seleccionadas en esta convocatoria serán las primeras tres (3) elegibles para suscribir contrato de prestación de servicios para el desarrollo de la solución tecnológica en la lucha anticorrupción.","DAtos abiertos, transparencia, desarrollo",Bogotá,Corferias,Hackaton anticorrupción (https://apps.co/inscripciones/convocatoria-hackathon/hackathon-anticorrupcion/),DEsarrolladores,Carolina Escobar,Consultor Gobierno Digital y Datos Abiertos
64,2018,10,10/26/2018 12:00:00 AM,10/26/2018 12:00:00 AM,Colombia 4.0 - Cerrando brechas en la U a partir de la explotación de datos,"Tres docentes de universidades colombianas, conversarán sobre los retos y desafíos para la incorporación de la explotación de datos como componente pedagógico de los planes de estudio de las universidades colombianas. En una dinámica tipo “fish bowl” donde dos circulos concentricos, el primero conformado por los speakers y el segundo por los asistentes, participarán en un dialogo constante a traves de preguntas y comentarios sobre el tema, que permitan identificar acciones que contribuyan a cerrar la brecha digital a partir de datos.","Datos abiertos, curriculos académicos",Bogotá,Corferias,https://col40.co/638/w3-article-80279.html,"Estudiantes, docentes",Adriana Vargas,Consultor Gobierno Digital y Datos Abiertos
65,2018,10,10/26/2018 12:00:00 AM,10/26/2018 12:00:00 AM,Colombia 4.0 - Analítica de datos contra la corrupción,Entrenamiento en visualización de datos y taller para analizar y visualizar los datos para identificar posibles riesgos de corrupción en campañas electorales y contratación pública.,"Datos abiertos, corrupción, analítica",Bogotá,Corferias,https://www.col40.co/638/w3-article-80155.html,"Sociedad civil, asistentes a Col4.0",Juan Carlos Parada,Consultor Gobierno Digital
66,2018,10,10/29/2018 12:00:00 AM,10/29/2018 12:00:00 AM,Festival de Innovación Social 2018,"El Festival de Innovación y Tecnología Social (FITS) es un encuentro de una jornada completa, donde se realizarán capacitaciones en tecnología y metodologías innovadoras para fortalecer a las organizaciones de la sociedad civil","Aprendizaje, emprendimiento, datos abiertos",Bogotá,Universidad Javeriana de Bogotá,https://fits.ong/co,"Estudiantes, desarrolladores, comunidad de tecnología cívica",Carlos Rozo,Director de Gobierno Digital
67,2018,12,12/13/2018 12:00:00 AM,12/14/2018 12:00:00 AM,Reuniónde Trabajo para eldesarrollo del plan de implementacióndel Programa Interamericano de Datos Abiertos para Combatir la Corrupción(PIDA),Desarrollar el Plan de Trabajo de implementación del Programa Interamericano de Datos Abiertos para combatir la corrupción.,PIDA,Washington,OEA,http://estrategia.gobiernoenlinea.gov.co/623/w3-propertyvalue-7703.html,"Gobiernos Latinoamerica, sociedad civil",Carlos Rozo,Director de Gobierno Digital
68,2019,6,06/19/2019 12:00:00 AM,06/19/2019 12:00:00 AM,"Campus Party: Visualizatón ""Más datos menos corrupción""",Visualizar datos sobre el PIDA en Colombia.,Maratón de visualización para dar a conocer el estado de los datos abiertos del PIDA en Colombia,Bogotá,Corferias,,"Estudiantes, desarrolladores, comunidad de tecnología cívica",Carolina Escobar / Adriana Vargas / Carlos León,Consultor Gobierno Digital
69,2019,6,06/25/2019 12:00:00 AM,06/25/2019 12:00:00 AM,Side EVENT: Innovando con datos abiertos para combatir la corrupción en las américas,Panel de alto nivel para discutir en torno a la apertura y uso de datos abiertos para combatir la corrupción en la región,"Panel de alto nivel con autoridades de datos abiertos y gobierno digital de América Latina y el Caribe, para abordar desafíos del open data en la región para combatir la corrupción",Medellin,Hotel Intercontinental,https://www.mintic.gov.co/portal/604/w3-article-101360.html,,Sylvia Constaín,Ministra de las Tecnologías de la Información y las Comunicaciones
70,2019,6,06/25/2019 12:00:00 AM,06/25/2019 12:00:00 AM,Taller de cocreación para avance e implementación del PIDA en Colombia,"Taller entre gobierno, sociedad civil y cooperantes para discutir sobre los pasos a seguir para la implementación del PIDA en Colombia",Taller con autoridades de la región (gobierno y sociedad civil) para identificar los pasos a seguir en la implementación del PIDA,Medellin,Ruta N,,"Servidores públicos, sociedad civil",Carlos León / Ádriana Vargas / Carolina Escobar,Consultor Gobierno Digital y Datos Abiertos
71,2019,4,04/27/2019 12:00:00 AM,04/27/2019 12:00:00 AM,Taller: Toma de decisiones públicas a partir de datos abiertos de calidad con OpenRefine,Taller para mejorar la calidad de los datos existenes para poder tomar decisiones a partir de su uso,Taller con desarrolladores asistentes a FLISOL 2019,Bogotá,Universidad Distrital,https://flisol.info/,Desarrolladores,Carlos Julio Leon,Consultor Gobierno Digital y Datos Abiertos
72,2019,6,06/18/2019 12:00:00 AM,06/18/2019 12:00:00 AM,Datos Abiertos para el legislativo,conferencia sobre porqué y cómo abrir datos del legislativo,"Datos abiertos, congreso",Bogotá,Capitolio nacional,https://twitter.com/GobDigitalCO/status/1141016456873893888,UTL senadores,Carolina Escobar,Consultor Gobierno Digital y Datos Abiertos
73,2019,2,02/22/2019 12:00:00 AM,02/22/2019 12:00:00 AM,DataJAM de seguridad ciudadana,Hackaton - maraton de datos,"Seguridad, datos abiertos",Cali,Hotel Dann,https://co.usembassy.gov/es/abiertas-inscripciones-al-datajam2019-de-seguridad-ciudadana/,Desarrolladores,Luisa Fernanda Medina,Asesora del Viceministerio de Economía Digital -  Líder Iniciativa de Datos Abiertos
74,2019,3,03/02/2019 12:00:00 AM,03/02/2019 12:00:00 AM,Open Data DAY #Igualdata,Desconferencias,"seguridad, datos abiertos",Bogotá,Universidad Jorge Tadeo Lozano,,Academia,Luisa Fernanda Medina,Asesora del Viceministerio de Economía Digital -  Líder Iniciativa de Datos Abiertos
75,2020,4,04/29/2020 12:00:00 AM,04/29/2020 12:00:00 AM,Webinar Datos en Cuarentena:  Gobernanza y Calidad de datos para la toma de decisiones - 2020,"Colombia ha sido el primer país en publicar datos sobre el COVID en su portal de datos abiertos, y en esta presentación se comparte la experiencia y el rol que jugó la estandarización y calidad de los datos para el proceso de apertura","calidad, datos abiertos,covid19",Mexico,Virtual,https://events.iadb.org/calendar/event/22076?lang=es,"Ciudadanos, Empresas, Academia, Centros de Investigación",Luisa Fernanda Medina,Asesora del Viceministerio de Economía Digital -  Líder Iniciativa de Datos Abiertos
76,2020,5,05/06/2020 12:00:00 AM,05/06/2020 12:00:00 AM,"Webinar Democratización de la Información: Datos abiertos en la prevención 
y el combate a la corrupción-2020",El objetivo de esta presentación fue resaltar la importancia que tiene para la región el Programa Interamericano de Datos Abiertos para Prevenir y Combatir la Corrupción (PIDA).Exponer cómo Colombia ha avanzado en su implementación y cuáles son los principales desafíos en el corto y mediano plazo para garantizar que el PIDA sea una herramienta eficiente para combatir la corrupción.,"calidad, datos abiertos, transparencia, corrupcion",Washington,Virtual,https://herramientas.datos.gov.co/es/blog/webinar-democratizaci%C3%B3n-de-la-informaci%C3%B3n-datos-abiertos-en-la-prevenci%C3%B3n-y-el-combate-la,"Ciudadanos, Empresas, Academia, Centros de Investigación",Luisa Fernanda Medina,Asesora del Viceministerio de Economía Digital -  Líder Iniciativa de Datos Abiertos
77,2020,5,05/19/2020 12:00:00 AM,05/19/2020 12:00:00 AM,Webinar Smart Cities. Datos Abiertos.,"En este espacio se abordo información relevante acerca de cómo, tanto en el sector público como en el privado, resulta fundamental acelerar procesos de transformación digital para optimizar operaciones y lograr ciudades mejor conectadas y más eficientes","calidad, datos abiertos",Bogotá,Virtual,https://www.youtube.com/watch?v=G5_Rxzo7Y-s&feature=youtu.be,"Ciudadanos, Empresas, Academia, Centros de Investigación",Luisa Fernanda Medina,Asesora del Viceministerio de Economía Digital -  Líder Iniciativa de Datos Abiertos
78,2020,8,08/13/2020 12:00:00 AM,08/13/2020 12:00:00 AM,XVI Congreso Anual de Propiedad Intelectual: El Big Data y tecnologías disruptivas como elementos dinamizadores del derecho en la empresa y sociedad actuales,Panel  sobre la relevancia del Big Data en el cumplimiento de las metas de desarrollo del Gobierno Nacional y en la gestión de la actual pandemia,"big data, datos abiertos, transparencia",Bogotá,Virtual,https://www.uexternado.edu.co/derecho/xvi-congreso-anual-de-propiedad-intelectual-el-big-data-y-tecnologias-disruptivas-como-elementos-dinamizadores-del-derecho-en-la-empresa-y-sociedad-actuales/,"Ciudadanos, Empresas, Academia, Centros de Investigación",Luisa Fernanda Medina,Asesora del Viceministerio de Economía Digital -  Líder Iniciativa de Datos Abiertos
79,2020,9,09/09/2020 12:00:00 AM,09/15/2020 12:00:00 AM,"Seminario Web: Datos Abiertos Geoespaciales, contribuyendo a la transparencia del país.","Este webinar se desarrolló los días 8, 10 y 15 de septiembre (de 9 a 11 am COT cada día). Las dos primeras fechas  orientadas a socializar las ventajas, alternativas y el impacto de disponer datos a las entidades que producen información geográfica. El 15 de septiembre tuvo  como objetivo socializar las plataformas de información geográfica de algunas de las instituciones asociadas a la ICDE a los usuarios finales de este tipo de información.",Datos abiertos,Bogotá,Virtual,,"Ciudadanos, Empresas, Academia, Centros de Investigación",Luisa Fernanda Medina,Asesora del Viceministerio de Transformación Digital -  Líder Iniciativa de Datos Abiertos
80,2020,11,11/17/2020 12:00:00 AM,11/17/2020 12:00:00 AM,El panel sobre “Gobiernos abiertos e innovadores para la recuperación del COVID19 en ALC” 20,"Este evento contará con la participación de los siguientes panelistas: 
 el objetivo del panel fue discutir sobre como a través del gobierno abierto los paises se han recuperado en tono de la pandemia mundial. Este panel contó con la participación de:
•	Sr. Jeffrey Schlagenhauf (Secretario General Adjunto – OCDE)
•	Sr. Wagner de Campos Rosario (Ministro de la Controladoria General de la Unión – Gobierno de Brasil) 
•	Sra. Beatriz Londoño (Secretaria de Transparencia, Presidencia – Gobierno de Colombia)
•	Sr. Carlos Santiso (Director de Innovacion Digital del Estado – CAF)
•	Sra. Maria Baron (Copresidenta Sociedad Civil, Comité Directivo - OGP y Directora Ejecutiva - Directorio Legislativo)","Datos abiertos, covid19, corrupción, transparencia, pida",Paris,Virtual,https://meetoecd1.zoom.us/webinar/register/WN_eiWrmoXoSQKD0TwhujLovA,"Gobiernos Latinoamerica, sociedad civil",Juan Carlos Noriega Silva,Líder de política
81,2020,12,12/15/2020 12:00:00 AM,12/15/2020 12:00:00 AM,Webinar: Socialización de la iniciativa Data SandBox a entidades del sector público.,"El Data Sandbox es un espacio de experimentación y ensayo de proyectos piloto, tecnologías, metodologías y/o procesos relacionadas con Big Data.","Datos abiertos, datasanbox, big data",Bogotá,Virtual,https://cutt.ly/ZhYSQbg,Entidades públicas,Aura Maria Cifuentes,Directora de Gobierno Digital
82,2021,3,03/05/2021 12:00:00 AM,03/05/2021 12:00:00 AM,"Panel ""Datos Abiertos y la Toma de decisiones en Tiempos de Pandemia"" ODD2021","El Día de los Datos Abiertos es una celebración anual de los datos abiertos alrededor del mundo. Por décima vez en la historia, grupos de todo el mundo crearán eventos locales que utilizarán datos abiertos en sus comunidades para crear aplicaciones, visualizaciones, liberar datos o publicar análisis. Este evento fue organizado por  el Ministerio TIC en alianza con la Red Geal, OEA","Datos abiertos, covid19, corrupción, transparencia, pida",Washington,Virtual,https://herramientas.datos.gov.co/es/blog/panel-datos-abiertos-y-la-toma-de-decisiones-en-tiempos-de-pandemia-odd2021,"Ciudadanos, Empresas, Academia, Centros de Investigación",Aura Maria Cifuentes,Directora de Gobierno Digital
83,2021,3,03/18/2021 12:00:00 AM,03/18/2021 12:00:00 AM,Webinar OCDE-CAF: Herramientas digitales y datos para fortalecer la integridad y la confianza ciudadana Confirmación,"El webinar Herramientas digitales y datos para fortalecer la integridad y la confianza ciudadana es un evento preparatorio de la Conferencia Ministerial sobre Gobernanza 2021 ""Mejorando la integridad y la lucha contra la corrupción para recuperar la confianza de los ciudadanos"", organizada por El Salvador en el 4T2021.","Datos abiertos, covid19, corrupción, transparencia, pida",Salvador,Virtual,https://www.caf.com/es/actualidad/eventos/2021/03/webinar-caf-ocde-herramientas-digitales-y-los-datos/,"Gobiernos Latinoamerica, sociedad civil, Entidades públicas",Aura Maria Cifuentes,Directora de Gobierno Digital
84,2021,3,03/23/2021 12:00:00 AM,03/23/2021 12:00:00 AM,Lanzamiento de la convocatoria 'Big Data al servicio de las entidades públicas' del Ministerio de Tecnologías de la Información y las Comunicaciones,"Esta convocatoria está dirigida a las entidades públicas del orden nacional de Colombia, cuyo objetivo es el de recibir la postulación de proyectos piloto de analítica y Big Data a desarrollarse en el Data Sandbox, el cual, es un espacio colaborativo para que las entidades públicas del país puedan realizar diferentes proyectos piloto de Analítica y Big Data.","Datos abiertos, datasanbox, big data",Bogotá,Virtual,https://herramientas.datos.gov.co/es/content/convocatoria-big-data-al-servicio-de-las-entidades-p%C3%Bablicas,Entidades públicas,Aura Maria Cifuentes,Directora de Gobierno Digital
85,2021,4,04/22/2021 12:00:00 AM,04/22/2021 12:00:00 AM,Conociendo algunas experiencias latinoamericanas de Innovación en Gobierno,“Data Sandbox: un espacio experimental para promover el uso de Big Data en el sector público” (Expositor: Carlos Julio León Caicedo - Líder técnico de datos abiertos y data sandbox – Dirección de Gobierno Digital del Ministerio TIC de Colombia).,"Datos abiertos, datasanbox, big data",Bogotá,Virtual,https://www.redgealc.org/contenido-general/noticias/webinar-internacional-conociendo-algunas-experiencias-latinoamericanas-de-innovacion-en-gobierno/,"Gobiernos Latinoamerica, sociedad civil, Entidades públicas",Carlos Julio Leon,Lider de DataSandbox
86,2021,5,05/11/2021 12:00:00 AM,05/11/2021 12:00:00 AM,Evento Datos Abiertos Contra la Corrupción en Ecuador,Compartir la experiencia del gobierno de Colombia en recolectar y publicar datos para combatir la corrupción,"Datos Abiertos, PIDA, Anticorrupión",Ecuador,Virtual,https://www.youtube.com/watch?v=dpmokuT72F8&feature=youtu.be,Funcionarios Gobierno de Ecuador,Susan Suarez,Subdirectora de Fortalecimientos de capacidades publicas digitales
87,2021,5,05/27/2021 12:00:00 AM,05/27/2021 12:00:00 AM,Presentación del Portal de Datos Abiertos de Colombia a funcionarios del gobierno de Brasil,Compartir la experiencia del gobierno de Colombia en recolectar y publicar datos abiertos por medio de la plataforma de Socrata,Datos Abiertos,Brasilia,Virtual,,Funcionarios del Gobierno de Brasil,Asesor del Viceministerio de Economía Digital /,Asesor del Viceministerio de Economía Digital
88,2021,6,06/14/2021 12:00:00 AM,06/14/2021 12:00:00 AM,Septima Reunión del Grupo de Expertos de Datos Abiertos de la OCDE,Reunión para revisar las lecciones aprendidas en temas de datos abiertos luego de 1 año de pandemia y revisión del borrador del cuestionario del OURdata index de 2022,"Datos abiertos, políticas públicas, covid19",Paris,Virtual,,"Países miembros de la OCDE, países asociados, sociedad civil",Aura Maria Cifuentes,Directora de Gobierno Digital
90,2022,3,03/04/2022 12:00:00 AM,03/04/2022 12:00:00 AM,Día internacional de datos abiertos 2022,"El Día de los Datos Abiertos es una celebración mundial anual de los datos abiertos. Cada año, grupos de todo el mundo crean eventos locales para mostrar los beneficios de los datos abiertos en su comunidad local y fomentar la adopción de políticas de datos abiertos en el gobierno, las empresas y la sociedad civil.",Datos Abiertos,Bogotá,Virtual,,Ciudadanos en general,Ingrid Tatiana Montealegre,Directora de Gobierno Digital
90,2022,3,03/10/2022 12:00:00 AM,03/10/2022 12:00:00 AM,"Ciclo de conversatorios ""Hablemos de datos abiertos"" MINTEL - Ecuador Open Data Day","Experiencia en datos abiertos, buenas prácticas y enseñanzas para que Latinoamerica avance en el país. beneficios de los datos abiertos en su comunidad local y fomentar la adopción de políticas de datos abiertos en el gobierno, las empresas y la sociedad civil.",Datos Abiertos,Bogotá,Virtual,,"Entidades públicas, Academia, Sociedad civil",Carlos Julio Leon,Lider de datos abiertos
90,2022,4,04/05/2022 12:00:00 AM,04/05/2022 12:00:00 AM,Foro Transformación Digital - “Datos Abiertos para Combatir la Corrupción- Experiencia del gobierno de Colombia”,Foro Transformación Digital - “Datos Abiertos para Combatir la Corrupción- Experiencia del gobierno de Colombia”,"Datos abiertos, PIDA, Transparencia",Bogotá,Virtual,,"Entidades públicas, Academia, Sociedad civil",Ingrid Tatiana Montealegre,Directora de Gobierno Digital
89,2022,11,11/29/2022 12:00:00 AM,11/29/2022 12:00:00 AM,DataJam por la transparencia 2022,"Un DataJam es un evento que se centra en el análisis innovador de datos abiertos para llegar a nuevos conocimientos y nuevos aprendizajes que generen soluciones para mejorar las políticas públicas, informar, tomar decisiones, mejorar la veeduría ciudadana... etc. Esta tercera edición, el DataJam 2022, tiene como objetivo promover la transparencia, el acceso a la información y el gobierno abierto como caminos para combatir la corrupción.","Datos abiertos, PIDA, Transparencia",Bogotá,Presencial,https://app.sikuani.net/events/usaiddatajam2022,"Entidades publicas, academia, emprendedores, sociedad civil",Ingrid Tatiana Montealegre,Directora de Gobierno Digital
90,2023,3,03/05/2023 12:00:00 AM,03/05/2023 12:00:00 AM,Día internacional de datos abiertos 2023,"Celebración mundial del Día de los datos abiertos, la cual se celebra cada año en todo el mundo, en donde se crean eventos locales e internacionales para mostrar los beneficios de los datos abiertos en las comunidades, y cómo estos fomentan la transparencia y la adopción de políticas de datos abiertos por parte de gobierno, empresas, sociedad civil y organismo multilaterales.",Datos Abiertos,Bogotá,Virtual,,Ciudadanos en general,Jose Nicolas Barrios,Subdirector de Fortalecimientos de capacidades publicas digitales
91,2023,5,05/09/2023 12:00:00 AM,05/09/2023 12:00:00 AM,Encuentro nacional de estado abierto 2023,Encuentro nacional de estado abierto 2023,Gobierno Abierto y Datos abiertos,Bogotá,Presencial,https://twitter.com/LuisaMedinaTIC/status/1656015441590984740/photo/1,"Entidades públicas, sociedad civil",Ana Maria Sterling,Directora de Gobierno Digital
92,2023,5,05/30/2023 12:00:00 AM,05/30/2023 12:00:00 AM,Desafíos e implicaciones de una gobernanza de datos,"con el objetivo de reconocer el sentido, el fundamento e importancia de los aspectos técnicos, institucionales y normativos para garantizar una gestión íntegra de los datos de investigación, desarrollo tecnológico e innovación en Colombia.",Datos Abiertos,Bogotá,Presencial,https://twitter.com/jnicobarrios/status/1663694888540536834/,Academia,Jose Nicolas Barrios,Subdirector de Fortalecimientos de capacidades publicas digitales
93,2023,7,07/26/2023 12:00:00 AM,07/27/2023 12:00:00 AM,Conmemoración Día Población UNFPA- DANE Colombia,"tema central ""Los datos abiertos en un mundo de 8.000 millones de personas""",Datos Abiertos,Bogotá,Virtual,Link del evento (https://www.youtube.com/watch?v=natgSUotR44),"La convocatoria a esta reunión es realizada por el Fondo de Población de las Naciones Unidas (UNFPA). Está previsto que en la misma participen representantes de institutos nacionales de estadísticas, agencias, fondos y programas del Sistema de Naciones Unidas, organismos internacionales en la región, mecanismos gubernamentales de promoción de estadísticas ambientales, estudiantes, y técnicos especializados en la generación de dicha información",Ana Maria Sterling,Directora de Gobierno Digital
